timestamp_utc,bot,woken_by,equity,cash,open_positions,trades_proposed,trades_executed,market_view,no_trade_reason
2026-07-17T02:09:42+00:00,Python,scheduled_rebalance,100000.0,100000.0,none,20,20,rebalance to 20 targets,
2026-07-17T02:10:35+00:00,Python,risk_check,100000.0,100000.0,none,0,0,midday defensive check: no positions,no position breached the intraday stop; defense-only check adds no risk
2026-07-17T18:19:11+00:00,Python,scheduled_rebalance,101189.6,58816.72,ALB:22.39|AMAT:2.96|AMD:3.20|CAT:2.88|DELL:5.72|GLW:9.91|GNRC:9.71|HPE:54.51|INTC:15.99|JBL:7.20|KEYS:7.89|KLAC:7.52|LRCX:4.67|MU:1.55|NUE:21.28|ON:19.79|STLD:16.16|STX:2.11|TER:4.03|WDC:2.95,13,13,rebalance to 20 targets,
2026-07-17T20:32:24+00:00,Python,risk_check,101025.81,58365.62,ALB:22.39|AMAT:3.16|AMD:3.27|CAT:2.88|DELL:5.66|GLW:10.26|GNRC:9.71|HPE:53.89|INTC:16.41|JBL:7.43|KEYS:7.89|KLAC:7.87|LRCX:4.88|MU:1.55|NUE:21.50|ON:20.19|STLD:16.34|STX:2.02|TER:4.03|WDC:2.95,0,0,midday defensive check: all clear,no position breached the intraday stop; defense-only check adds no risk
2026-07-20T20:14:14+00:00,Python,scheduled_rebalance,100675.3,58365.6,ALB:22.39|AMAT:3.16|AMD:3.27|CAT:2.88|DELL:5.66|GLW:10.26|GNRC:9.71|HPE:53.89|INTC:16.41|JBL:7.43|KEYS:7.89|KLAC:7.87|LRCX:4.88|MU:1.55|NUE:21.50|ON:20.19|STLD:16.34|STX:2.02|TER:4.03|WDC:2.95,26,26,rebalance to 20 targets,
2026-07-20T21:46:45+00:00,Python,risk_check,100708.65,58365.6,ALB:22.39|AMAT:3.16|AMD:3.27|CAT:2.88|DELL:5.66|GLW:10.26|GNRC:9.71|HPE:53.89|INTC:16.41|JBL:7.43|KEYS:7.89|KLAC:7.87|LRCX:4.88|MU:1.55|NUE:21.50|ON:20.19|STLD:16.34|STX:2.02|TER:4.03|WDC:2.95,0,0,midday defensive check: all clear,no position breached the intraday stop; defense-only check adds no risk
2026-07-21T18:59:32+00:00,Python,scheduled_rebalance,102836.91,49908.1,AMAT:3.16|AMD:3.27|CNC:40.45|DELL:5.17|GLW:10.26|HPE:53.89|HST:233.96|INTC:16.41|JBHT:12.00|KEYS:7.89|LRCX:4.88|MU:1.55|NUE:19.50|STLD:16.34|STT:30.51|STX:2.02|TER:4.03|TRGP:17.35|WDC:2.95,19,19,rebalance to 20 targets,
2026-07-21T21:42:49+00:00,Python,risk_check,103247.56,42593.18,AMAT:4.35|AMD:3.69|CNC:40.45|DELL:4.99|GLW:12.89|HPE:58.57|HST:236.67|HUM:6.83|INTC:17.02|JBHT:12.18|KEYS:9.95|LRCX:7.25|MU:1.86|NUE:19.63|STLD:16.80|STT:30.88|STX:2.22|TER:4.97|TRGP:17.87|WDC:3.40,0,0,midday defensive check: all clear,no position breached the intraday stop; defense-only check adds no risk
2026-07-22T18:47:25+00:00,Python,scheduled_rebalance,103232.37,42593.15,AMAT:4.35|AMD:3.69|CNC:40.45|DELL:4.99|GLW:12.89|HPE:58.57|HST:236.67|HUM:6.83|INTC:17.02|JBHT:12.18|KEYS:9.95|LRCX:7.25|MU:1.86|NUE:19.63|STLD:16.80|STT:30.88|STX:2.22|TER:4.97|TRGP:17.87|WDC:3.40,14,14,rebalance to 20 targets,
