timestamp_utc,bot,symbol,side,notional_usd,est_price,status,order_id,reject_reason,equity_before,cash_before,thesis,market_view
2026-07-17T02:09:40+00:00,Python,ALB,buy,2674.16,119.45999908447266,submitted,5360e109-981c-4b68-80e7-05997c42383e,,100000.0,100000.0,rebalance to target weight 2.7%,rule-based rebalance toward optimizer targets
2026-07-17T02:09:40+00:00,Python,AMAT,buy,1657.77,560.9299926757812,submitted,74e239f3-b475-4363-b696-69a28c0fa896,,100000.0,100000.0,rebalance to target weight 1.7%,rule-based rebalance toward optimizer targets
2026-07-17T02:09:41+00:00,Python,AMD,buy,1601.39,500.9400024414063,submitted,63371039-f5db-47f8-a325-1523958a9a54,,100000.0,100000.0,rebalance to target weight 1.6%,rule-based rebalance toward optimizer targets
2026-07-17T02:09:41+00:00,Python,CAT,buy,2528.07,877.1699829101562,submitted,1988c03a-bacb-40a8-bd74-5edef12a79dd,,100000.0,100000.0,rebalance to target weight 2.5%,rule-based rebalance toward optimizer targets
2026-07-17T02:09:41+00:00,Python,DELL,buy,2240.03,391.3800048828125,submitted,f0164559-71d6-4776-a9b0-e2bfda61505d,,100000.0,100000.0,rebalance to target weight 2.2%,rule-based rebalance toward optimizer targets
2026-07-17T02:09:41+00:00,Python,GLW,buy,1569.4,158.38999938964844,submitted,ae6592d2-ea58-4f2f-808f-cd90bbd5589f,,100000.0,100000.0,rebalance to target weight 1.6%,rule-based rebalance toward optimizer targets
2026-07-17T02:09:41+00:00,Python,GNRC,buy,2091.92,215.3800048828125,submitted,7394a56e-90fa-42eb-9568-39a69d162a7c,,100000.0,100000.0,rebalance to target weight 2.1%,rule-based rebalance toward optimizer targets
2026-07-17T02:09:41+00:00,Python,HPE,buy,2459.98,45.130001068115234,submitted,d431c623-86ae-426b-8816-f14c9c61914f,,100000.0,100000.0,rebalance to target weight 2.5%,rule-based rebalance toward optimizer targets
2026-07-17T02:09:41+00:00,Python,INTC,buy,1550.88,96.9800033569336,submitted,13d384ad-2537-402b-82ba-11c89368318e,,100000.0,100000.0,rebalance to target weight 1.6%,rule-based rebalance toward optimizer targets
2026-07-17T02:09:41+00:00,Python,JBL,buy,2209.53,307.0599975585937,submitted,a6255086-3c73-4ba0-adde-7915c44d3f5a,,100000.0,100000.0,rebalance to target weight 2.2%,rule-based rebalance toward optimizer targets
2026-07-17T02:09:41+00:00,Python,KEYS,buy,2467.67,312.760009765625,submitted,6a4bb83f-67ff-4ec2-b382-283532431c7f,,100000.0,100000.0,rebalance to target weight 2.5%,rule-based rebalance toward optimizer targets
2026-07-17T02:09:41+00:00,Python,KLAC,buy,1650.0,219.3699951171875,submitted,3892cbec-d176-41c2-9ac4-b24fd9d7fdf0,,100000.0,100000.0,rebalance to target weight 1.7%,rule-based rebalance toward optimizer targets
2026-07-17T02:09:41+00:00,Python,LRCX,buy,1500.13,320.9599914550781,submitted,bac6643d-4f68-4efe-8b25-622890597e71,,100000.0,100000.0,rebalance to target weight 1.5%,rule-based rebalance toward optimizer targets
2026-07-17T02:09:41+00:00,Python,MU,buy,1320.06,853.2000122070312,submitted,1108c020-bd85-4797-9c88-15481f84f311,,100000.0,100000.0,rebalance to target weight 1.3%,rule-based rebalance toward optimizer targets
2026-07-17T02:09:41+00:00,Python,NUE,buy,5014.03,235.6699981689453,submitted,4e6eb92b-e023-4ef2-869f-5846b89f1735,,100000.0,100000.0,rebalance to target weight 5.0%,rule-based rebalance toward optimizer targets
2026-07-17T02:09:41+00:00,Python,ON,buy,1744.18,88.12000274658203,submitted,a03acab9-017a-4261-b22d-9c1a36262fcf,,100000.0,100000.0,rebalance to target weight 1.7%,rule-based rebalance toward optimizer targets
2026-07-17T02:09:41+00:00,Python,STLD,buy,3796.48,234.97999572753903,submitted,9e49b75b-3351-415c-9922-ffcd185a5c78,,100000.0,100000.0,rebalance to target weight 3.8%,rule-based rebalance toward optimizer targets
2026-07-17T02:09:42+00:00,Python,STX,buy,1571.13,745.489990234375,submitted,73b637b0-b193-46c6-a598-553bbf6879ee,,100000.0,100000.0,rebalance to target weight 1.6%,rule-based rebalance toward optimizer targets
2026-07-17T02:09:42+00:00,Python,TER,buy,1297.45,322.29998779296875,submitted,9ebf44e8-e2f8-4586-a6ea-87e3f39824ad,,100000.0,100000.0,rebalance to target weight 1.3%,rule-based rebalance toward optimizer targets
2026-07-17T02:09:42+00:00,Python,WDC,buy,1377.69,466.80999755859375,submitted,e3ec16a3-90a9-4e70-af81-061326dbebfe,,100000.0,100000.0,rebalance to target weight 1.4%,rule-based rebalance toward optimizer targets
2026-07-17T18:19:10+00:00,Python,DELL,sell,27.15,400.7799987792969,submitted,f46ecb48-802b-4b01-ac7c-35cb731b1c01,,101189.6,58816.72,rebalance to target weight 2.2%,rule-based rebalance toward optimizer targets
2026-07-17T18:19:10+00:00,Python,HPE,sell,28.52,46.18999862670898,submitted,9182832c-509e-4cf2-b572-75912b0b9df6,,101189.6,58816.72,rebalance to target weight 2.5%,rule-based rebalance toward optimizer targets
2026-07-17T18:19:10+00:00,Python,STX,sell,67.68,786.47998046875,submitted,9ccd62e8-4dbf-4ca1-8fce-fdba9c455a22,,101189.6,58816.72,rebalance to target weight 1.6%,rule-based rebalance toward optimizer targets
2026-07-17T18:19:10+00:00,Python,AMAT,buy,107.19,531.3300170898438,submitted,a7dd3eb6-d816-400f-a335-449d88fa6b89,,101189.6,58816.72,rebalance to target weight 1.7%,rule-based rebalance toward optimizer targets
2026-07-17T18:19:10+00:00,Python,AMD,buy,35.24,495.8699951171875,submitted,a89e23e0-51ea-4f1b-a9dc-edfb059e1649,,101189.6,58816.72,rebalance to target weight 1.6%,rule-based rebalance toward optimizer targets
2026-07-17T18:19:10+00:00,Python,GLW,buy,55.04,154.72000122070312,submitted,c7e3de98-2f15-4bb8-abf7-34792cf4bdd9,,101189.6,58816.72,rebalance to target weight 1.6%,rule-based rebalance toward optimizer targets
2026-07-17T18:19:10+00:00,Python,INTC,buy,40.04,95.63009643554688,submitted,44929f7b-753a-4cfa-b54e-fbdc569f4808,,101189.6,58816.72,rebalance to target weight 1.6%,rule-based rebalance toward optimizer targets
2026-07-17T18:19:10+00:00,Python,JBL,buy,69.67,301.0299987792969,submitted,58e437f7-a7a5-4eae-b312-3e90738f5b6e,,101189.6,58816.72,rebalance to target weight 2.2%,rule-based rebalance toward optimizer targets
2026-07-17T18:19:10+00:00,Python,KLAC,buy,74.3,212.1000061035156,submitted,4e4673ae-c2ff-46d1-9edb-9e719e056a8c,,101189.6,58816.72,rebalance to target weight 1.7%,rule-based rebalance toward optimizer targets
2026-07-17T18:19:10+00:00,Python,LRCX,buy,63.97,311.0899963378906,submitted,f77dba29-261d-4a33-a3f7-f050f7cf95b1,,101189.6,58816.72,rebalance to target weight 1.5%,rule-based rebalance toward optimizer targets
2026-07-17T18:19:10+00:00,Python,NUE,buy,52.08,236.0249938964844,submitted,aca141b9-378b-4b08-b5e3-446f561eec52,,101189.6,58816.72,rebalance to target weight 5.0%,rule-based rebalance toward optimizer targets
2026-07-17T18:19:11+00:00,Python,ON,buy,34.6,87.41999816894531,submitted,81c5f279-58ac-443f-a041-f5fd4cc6c3c2,,101189.6,58816.72,rebalance to target weight 1.7%,rule-based rebalance toward optimizer targets
2026-07-17T18:19:11+00:00,Python,STLD,buy,42.11,235.16909790039065,submitted,8a9d54e7-5715-42d2-b16b-b6d12a0b240b,,101189.6,58816.72,rebalance to target weight 3.8%,rule-based rebalance toward optimizer targets
2026-07-20T20:14:12+00:00,Python,ALB,sell,2645.39,118.1750030517578,submitted,8d2860ca-7dfc-4f92-a3c9-58582bd1d3fd,,100675.3,58365.6,exit: no longer in target portfolio,rule-based rebalance toward optimizer targets
2026-07-20T20:14:12+00:00,Python,CAT,sell,2492.3,864.75,submitted,7b54fcec-49a5-48ab-b76d-4b9baf2ced9c,,100675.3,58365.6,exit: no longer in target portfolio,rule-based rebalance toward optimizer targets
2026-07-20T20:14:12+00:00,Python,DELL,sell,186.39,381.7099914550781,submitted,55aa1887-40f4-4fa5-a772-62ef4c550e51,,100675.3,58365.6,rebalance to target weight 2.0%,rule-based rebalance toward optimizer targets
2026-07-20T20:14:12+00:00,Python,GNRC,sell,2073.56,213.4900054931641,submitted,942d1b58-b6ea-47a0-a212-31f9260d18b0,,100675.3,58365.6,exit: no longer in target portfolio,rule-based rebalance toward optimizer targets
2026-07-20T20:14:12+00:00,Python,JBL,sell,2271.53,305.8399963378906,submitted,ceb530f7-4984-44e8-8191-c9a2ac332d5e,,100675.3,58365.6,exit: no longer in target portfolio,rule-based rebalance toward optimizer targets
2026-07-20T20:14:12+00:00,Python,KLAC,sell,1634.21,207.6000061035156,submitted,c560c2b0-be48-49f9-b44c-656369587e27,,100675.3,58365.6,exit: no longer in target portfolio,rule-based rebalance toward optimizer targets
2026-07-20T20:14:12+00:00,Python,NUE,sell,461.66,230.72000122070312,submitted,e5f61973-93d7-4172-a7dc-093342765c60,,100675.3,58365.6,rebalance to target weight 4.5%,rule-based rebalance toward optimizer targets
2026-07-20T20:14:12+00:00,Python,ON,sell,1750.39,86.69999694824219,submitted,fe3ba3cc-f0aa-49f1-ad61-f3499dbd37a5,,100675.3,58365.6,exit: no longer in target portfolio,rule-based rebalance toward optimizer targets
2026-07-20T20:14:13+00:00,Python,AMAT,buy,753.38,525.7000122070312,submitted,87e1f53a-38aa-420b-9b9d-9c2690ba1fbc,,100675.3,58365.6,rebalance to target weight 2.4%,rule-based rebalance toward optimizer targets
2026-07-20T20:14:13+00:00,Python,AMD,buy,316.76,503.5700073242188,submitted,e83d9d7a-0640-4758-a3bb-81658ffcd232,,100675.3,58365.6,rebalance to target weight 1.9%,rule-based rebalance toward optimizer targets
2026-07-20T20:14:13+00:00,Python,CNC,buy,2663.0,65.83999633789062,submitted,299fbbf5-571d-4777-84a6-331db21da8c3,,100675.3,58365.6,rebalance to target weight 2.6%,rule-based rebalance toward optimizer targets
2026-07-20T20:14:13+00:00,Python,GLW,buy,472.54,153.24000549316406,submitted,1ac14063-c5ca-4b53-a5f0-c405a7d371ce,,100675.3,58365.6,rebalance to target weight 2.0%,rule-based rebalance toward optimizer targets
2026-07-20T20:14:13+00:00,Python,HPE,buy,258.94,44.57699966430664,submitted,b17db6cf-fc0d-493c-b61f-f436c5bd902a,,100675.3,58365.6,rebalance to target weight 2.6%,rule-based rebalance toward optimizer targets
2026-07-20T20:14:13+00:00,Python,HST,buy,5629.05,24.059999465942383,submitted,7d53298c-c55b-4840-8955-bfdfc35780b5,,100675.3,58365.6,rebalance to target weight 5.6%,rule-based rebalance toward optimizer targets
2026-07-20T20:14:13+00:00,Python,HUM,buy,2709.32,398.25,submitted,42967faa-b2ad-4744-bf82-3569d15af7d9,,100675.3,58365.6,rebalance to target weight 2.7%,rule-based rebalance toward optimizer targets
2026-07-20T20:14:13+00:00,Python,INTC,buy,157.64,97.05999755859376,submitted,bb656228-8830-4ef8-bc08-729fda5681cd,,100675.3,58365.6,rebalance to target weight 1.7%,rule-based rebalance toward optimizer targets
2026-07-20T20:14:13+00:00,Python,JBHT,buy,3486.44,290.6099853515625,submitted,1ce55165-0673-4df9-8627-55ecc9465698,,100675.3,58365.6,rebalance to target weight 3.5%,rule-based rebalance toward optimizer targets
2026-07-20T20:14:13+00:00,Python,KEYS,buy,725.65,314.1000061035156,submitted,4a3c1c4f-e75b-4c51-b9d6-723b2a2065c1,,100675.3,58365.6,rebalance to target weight 3.2%,rule-based rebalance toward optimizer targets
2026-07-20T20:14:13+00:00,Python,LRCX,buy,784.47,306.760009765625,submitted,2a3bf8bf-15ce-4563-bf95-64f1a9aee39a,,100675.3,58365.6,rebalance to target weight 2.3%,rule-based rebalance toward optimizer targets
2026-07-20T20:14:13+00:00,Python,MU,buy,430.26,865.4600219726562,submitted,d3928ecb-4c98-44da-9306-cf94c22f5950,,100675.3,58365.6,rebalance to target weight 1.8%,rule-based rebalance toward optimizer targets
2026-07-20T20:14:13+00:00,Python,STLD,buy,87.38,230.4900054931641,submitted,4a04b73d-f916-41fb-9c26-203a61d0d30a,,100675.3,58365.6,rebalance to target weight 3.8%,rule-based rebalance toward optimizer targets
2026-07-20T20:14:14+00:00,Python,STT,buy,5570.74,182.6100006103516,submitted,95de5b68-6153-4e57-b7d0-f024e8797c20,,100675.3,58365.6,rebalance to target weight 5.5%,rule-based rebalance toward optimizer targets
2026-07-20T20:14:14+00:00,Python,STX,buy,311.81,802.4500122070312,submitted,606e7367-eabd-4fb4-8fec-a228363821a1,,100675.3,58365.6,rebalance to target weight 1.9%,rule-based rebalance toward optimizer targets
2026-07-20T20:14:14+00:00,Python,TER,buy,498.17,333.760009765625,submitted,83879245-9422-49de-892a-c6841055eae8,,100675.3,58365.6,rebalance to target weight 1.8%,rule-based rebalance toward optimizer targets
2026-07-20T20:14:14+00:00,Python,TRGP,buy,4899.39,282.3399963378906,submitted,58e696c8-1156-4bd1-a5ef-e9822e41b88f,,100675.3,58365.6,rebalance to target weight 4.9%,rule-based rebalance toward optimizer targets
2026-07-20T20:14:14+00:00,Python,WDC,buy,382.6,487.4200134277344,submitted,8ace9589-5cba-40e3-8f3d-3d57c54a72e2,,100675.3,58365.6,rebalance to target weight 1.8%,rule-based rebalance toward optimizer targets
2026-07-21T18:59:30+00:00,Python,DELL,sell,72.26,403.8900146484375,submitted,2a49e2db-ffc9-4d9c-b308-4adba7e0a924,,102836.91,49908.1,rebalance to target weight 2.0%,rule-based rebalance toward optimizer targets
2026-07-21T18:59:30+00:00,Python,AMAT,buy,677.74,566.0700073242188,submitted,abc0484f-af01-4fa8-bd52-ee2e06c69a9e,,102836.91,49908.1,rebalance to target weight 2.4%,rule-based rebalance toward optimizer targets
2026-07-21T18:59:31+00:00,Python,AMD,buy,228.47,543.47998046875,submitted,dfb123d7-eacb-4612-9f78-8c5cc2774b3b,,102836.91,49908.1,rebalance to target weight 1.9%,rule-based rebalance toward optimizer targets
2026-07-21T18:59:31+00:00,Python,GLW,buy,425.56,162.09500122070312,submitted,ed7f0796-2d7e-46ae-83f6-c2552a3cb7ab,,102836.91,49908.1,rebalance to target weight 2.0%,rule-based rebalance toward optimizer targets
2026-07-21T18:59:31+00:00,Python,HPE,buy,217.3,46.40999984741211,submitted,85f24ad2-6866-4bca-8278-bffb8c405fcf,,102836.91,49908.1,rebalance to target weight 2.6%,rule-based rebalance toward optimizer targets
2026-07-21T18:59:31+00:00,Python,HST,buy,65.88,24.295000076293945,submitted,4c4e7aec-a1e4-4b96-817b-fa4336f4b937,,102836.91,49908.1,rebalance to target weight 5.6%,rule-based rebalance toward optimizer targets
2026-07-21T18:59:31+00:00,Python,HUM,buy,2767.49,405.1199951171875,submitted,140e4a4a-0b18-4dac-85a1-655b76f31212,,102836.91,49908.1,rebalance to target weight 2.7%,rule-based rebalance toward optimizer targets
2026-07-21T18:59:31+00:00,Python,INTC,buy,64.11,105.0500030517578,submitted,78029530-083d-4c03-afea-8656d033cebe,,102836.91,49908.1,rebalance to target weight 1.7%,rule-based rebalance toward optimizer targets
2026-07-21T18:59:31+00:00,Python,JBHT,buy,52.42,292.4800109863281,submitted,51543351-d09d-4214-8ade-898e8b25555b,,102836.91,49908.1,rebalance to target weight 3.5%,rule-based rebalance toward optimizer targets
2026-07-21T18:59:31+00:00,Python,KEYS,buy,678.22,328.8299865722656,submitted,a3e98a15-a61d-4b19-b434-f03aecbe5233,,102836.91,49908.1,rebalance to target weight 3.2%,rule-based rebalance toward optimizer targets
2026-07-21T18:59:31+00:00,Python,LRCX,buy,760.92,321.625,submitted,25e8a70a-de3b-4247-ae01-693d2a0a456e,,102836.91,49908.1,rebalance to target weight 2.3%,rule-based rebalance toward optimizer targets
2026-07-21T18:59:31+00:00,Python,MU,buy,302.61,972.52001953125,submitted,fdcaaa4a-2a7d-472c-a724-3f42189c4107,,102836.91,49908.1,rebalance to target weight 1.8%,rule-based rebalance toward optimizer targets
2026-07-21T18:59:32+00:00,Python,NUE,buy,31.76,234.0449981689453,submitted,a7b9cb0b-85b2-420b-984a-3e790170c3a0,,102836.91,49908.1,rebalance to target weight 4.5%,rule-based rebalance toward optimizer targets
2026-07-21T18:59:32+00:00,Python,STLD,buy,108.02,234.2899932861328,submitted,56bc5ad5-9c70-455c-b506-cfbb266bb8f2,,102836.91,49908.1,rebalance to target weight 3.8%,rule-based rebalance toward optimizer targets
2026-07-21T18:59:32+00:00,Python,STT,buy,69.59,184.25,submitted,10abaa3c-dfaa-43ff-b7f1-d3788bfa35be,,102836.91,49908.1,rebalance to target weight 5.5%,rule-based rebalance toward optimizer targets
2026-07-21T18:59:32+00:00,Python,STX,buy,176.5,889.9299926757812,submitted,625f1753-3b52-4178-869e-ba00b2bc3d69,,102836.91,49908.1,rebalance to target weight 1.9%,rule-based rebalance toward optimizer targets
2026-07-21T18:59:32+00:00,Python,TER,buy,358.8,378.2049865722656,submitted,688aa32b-3aba-483a-88b5-5b81e5db9b00,,102836.91,49908.1,rebalance to target weight 1.8%,rule-based rebalance toward optimizer targets
2026-07-21T18:59:32+00:00,Python,TRGP,buy,143.72,280.1199951171875,submitted,1ac0986f-1c32-4ce9-a2a3-e7ea2902b1a0,,102836.91,49908.1,rebalance to target weight 4.9%,rule-based rebalance toward optimizer targets
2026-07-21T18:59:32+00:00,Python,WDC,buy,247.37,546.489990234375,submitted,518a1cee-d958-4236-a92b-e370eff6e93b,,102836.91,49908.1,rebalance to target weight 1.8%,rule-based rebalance toward optimizer targets
2026-07-22T18:47:24+00:00,Python,AMD,sell,38.47,556.0,submitted,be49e37a-518d-489f-8991-43a83796e04c,,103232.37,42593.15,rebalance to target weight 1.9%,rule-based rebalance toward optimizer targets
2026-07-22T18:47:24+00:00,Python,DELL,sell,173.02,440.125,submitted,c5873b04-3f36-4eec-be2a-15f6b69a84c0,,103232.37,42593.15,rebalance to target weight 2.0%,rule-based rebalance toward optimizer targets
2026-07-22T18:47:24+00:00,Python,HPE,sell,102.59,48.34000015258789,submitted,ceda3815-e843-4abb-829f-1dd685470dc5,,103232.37,42593.15,rebalance to target weight 2.6%,rule-based rebalance toward optimizer targets
2026-07-22T18:47:25+00:00,Python,HST,sell,26.4,24.5,submitted,e72d927b-7a1b-43d9-b17c-654691548178,,103232.37,42593.15,rebalance to target weight 5.6%,rule-based rebalance toward optimizer targets
2026-07-22T18:47:25+00:00,Python,STLD,sell,54.08,238.41000366210935,submitted,5ac0afa9-a3ba-4a7d-9b38-18d0a254e334,,103232.37,42593.15,rebalance to target weight 3.8%,rule-based rebalance toward optimizer targets
2026-07-22T18:47:25+00:00,Python,STX,sell,25.62,904.9099731445312,submitted,55ebc0cf-9524-4810-b29b-8e3e5f8ed909,,103232.37,42593.15,rebalance to target weight 1.9%,rule-based rebalance toward optimizer targets
2026-07-22T18:47:25+00:00,Python,TRGP,sell,32.67,283.0249938964844,submitted,25a19692-d831-4a54-bd46-2dbabdbb933d,,103232.37,42593.15,rebalance to target weight 4.9%,rule-based rebalance toward optimizer targets
2026-07-22T18:47:25+00:00,Python,WDC,sell,28.54,556.969970703125,submitted,74ad38d2-ff6b-4774-be7e-99092f647053,,103232.37,42593.15,rebalance to target weight 1.8%,rule-based rebalance toward optimizer targets
2026-07-22T18:47:25+00:00,Python,AMAT,buy,34.05,560.4249877929688,submitted,9f7e41f5-e2a8-475e-b1ce-51692be49842,,103232.37,42593.15,rebalance to target weight 2.4%,rule-based rebalance toward optimizer targets
2026-07-22T18:47:25+00:00,Python,CNC,buy,37.51,66.58499908447266,submitted,418d36fe-dbe5-4059-ad7c-06fae31763c2,,103232.37,42593.15,rebalance to target weight 2.6%,rule-based rebalance toward optimizer targets
2026-07-22T18:47:25+00:00,Python,GLW,buy,79.63,156.54010009765625,submitted,1db22678-ff83-41d0-adb5-6679c36a82c9,,103232.37,42593.15,rebalance to target weight 2.0%,rule-based rebalance toward optimizer targets
2026-07-22T18:47:25+00:00,Python,HUM,buy,49.78,399.3900146484375,submitted,7d70d27d-e3dc-48b6-93ef-ed6e63b43477,,103232.37,42593.15,rebalance to target weight 2.7%,rule-based rebalance toward optimizer targets
2026-07-22T18:47:25+00:00,Python,INTC,buy,26.28,103.91000366210938,submitted,7e0d5140-dede-4631-b933-636065d7ffaa,,103232.37,42593.15,rebalance to target weight 1.7%,rule-based rebalance toward optimizer targets
2026-07-22T18:47:25+00:00,Python,TER,buy,42.3,371.1549987792969,submitted,44952a06-96ce-409d-be44-f084a825f7c1,,103232.37,42593.15,rebalance to target weight 1.8%,rule-based rebalance toward optimizer targets
2026-07-23T18:50:19+00:00,Python,MU,sell,28.83,988.780029296875,submitted,7221d6ae-b31d-421e-a856-96b1d273a7fb,,102918.07,42804.89,rebalance to target weight 1.8%,rule-based rebalance toward optimizer targets
2026-07-23T18:50:19+00:00,Python,NUE,sell,120.73,240.3800048828125,submitted,b68015ae-b3bf-4924-961c-5ef710b06426,,102918.07,42804.89,rebalance to target weight 4.5%,rule-based rebalance toward optimizer targets
2026-07-23T18:50:19+00:00,Python,STLD,sell,33.08,239.67999267578125,submitted,b87fd23c-f6f2-4cd7-9d8f-8459465e8d43,,102918.07,42804.89,rebalance to target weight 3.8%,rule-based rebalance toward optimizer targets
2026-07-23T18:50:19+00:00,Python,STX,sell,46.82,923.5150146484376,submitted,1807f3e0-d779-42a7-a5e5-486b3392dbc3,,102918.07,42804.89,rebalance to target weight 1.9%,rule-based rebalance toward optimizer targets
2026-07-23T18:50:19+00:00,Python,TRGP,sell,68.55,286.0249938964844,submitted,e57b5dec-65d4-4756-a435-f991ee713ff6,,102918.07,42804.89,rebalance to target weight 4.9%,rule-based rebalance toward optimizer targets
2026-07-23T18:50:19+00:00,Python,WDC,sell,28.18,563.6699829101562,submitted,b16863da-df66-4d9b-9998-d64f43921467,,102918.07,42804.89,rebalance to target weight 1.8%,rule-based rebalance toward optimizer targets
2026-07-23T18:50:20+00:00,Python,AMD,buy,67.85,535.5599975585938,submitted,80acdcf0-986c-467b-9ead-04674c22b6a2,,102918.07,42804.89,rebalance to target weight 1.9%,rule-based rebalance toward optimizer targets
2026-07-23T18:50:20+00:00,Python,CNC,buy,94.82,64.06999969482422,submitted,18b3cee5-3c4f-419c-8120-e6c89227755d,,102918.07,42804.89,rebalance to target weight 2.6%,rule-based rebalance toward optimizer targets
2026-07-23T18:50:20+00:00,Python,HPE,buy,30.65,47.650001525878906,submitted,c73effd5-1b37-412b-afe6-073295e21ab9,,102918.07,42804.89,rebalance to target weight 2.6%,rule-based rebalance toward optimizer targets
2026-07-23T18:50:20+00:00,Python,HST,buy,106.11,23.975000381469727,submitted,adb0b833-ef93-4483-bf34-a2327dec2f36,,102918.07,42804.89,rebalance to target weight 5.6%,rule-based rebalance toward optimizer targets
2026-07-23T18:50:20+00:00,Python,HUM,buy,40.25,392.3900146484375,submitted,e41869b6-8857-4fda-9889-8ab1c52f8e48,,102918.07,42804.89,rebalance to target weight 2.7%,rule-based rebalance toward optimizer targets
2026-07-23T18:50:20+00:00,Python,INTC,buy,69.84,99.55049896240234,submitted,76bb84ca-9f8f-4416-bc72-ff2408eb0cc1,,102918.07,42804.89,rebalance to target weight 1.7%,rule-based rebalance toward optimizer targets
2026-07-23T18:50:20+00:00,Python,JBHT,buy,44.58,289.04998779296875,submitted,6edd19a6-c0b7-4046-ac86-70a4c55d5b60,,102918.07,42804.89,rebalance to target weight 3.5%,rule-based rebalance toward optimizer targets
2026-07-23T18:50:20+00:00,Python,KEYS,buy,35.44,325.5299987792969,submitted,719c65c4-3e6d-465b-b7d0-fe9889968851,,102918.07,42804.89,rebalance to target weight 3.2%,rule-based rebalance toward optimizer targets
2026-07-23T18:50:20+00:00,Python,LRCX,buy,26.53,318.2149963378906,submitted,499a6ec9-2bde-4912-83a4-7309781f80e8,,102918.07,42804.89,rebalance to target weight 2.3%,rule-based rebalance toward optimizer targets
